521H0431,Pham Hoang Hao,phamhoangson@gmail1.com,CNTT
521H0432,Pham Hoang Kha,phamhoangson@gmail2.com,CNTT
521H0433,Pham Hoang Khoc,phamhoangson@gmail3.com,CNTT
521H0434,Pham Hoang Giang,phamhoangson@gmail4.com,CNTT
521H0435,Pham Hoang Hao Ca,phamhoangson@gmail5.com,CNTT
521H0436,Pham Hoang Hao,phamhoangson@gmail1.com,CNTT
521H0437,Pham Hoang Kha,phamhoangson@gmail2.com,CNTT
521H0438,Pham Hoang Khoc,phamhoangson@gmail3.com,CNTT
521H0439,Pham Hoang Giang,phamhoangson@gmail4.com,CNTT
521H0440,Pham Hoang Hao Ca,phamhoangson@gmail5.com,CNTT
521H0441,Pham Hoang Hao,phamhoangson@gmail1.com,CNTT
521H0442,Pham Hoang Kha,phamhoangson@gmail2.com,CNTT
521H0443,Pham Hoang Khoc,phamhoangson@gmail3.com,CNTT
521H0444,Pham Hoang Giang,phamhoangson@gmail4.com,CNTT
521H0445,Pham Hoang Hao Ca,phamhoangson@gmail5.com,CNTT
521H0446,Pham Hoang Hao,phamhoangson@gmail1.com,CNTT
521H0447,Pham Hoang Kha,phamhoangson@gmail2.com,CNTT
521H0448,Pham Hoang Khoc,phamhoangson@gmail3.com,CNTT
521H0449,Pham Hoang Giang,phamhoangson@gmail4.com,CNTT
521H0450,Pham Hoang Hao Ca,phamhoangson@gmail5.com,CNTT
521H0451,Pham Hoang Hao,phamhoangson@gmail1.com,CNTT
521H0452,Pham Hoang Kha,phamhoangson@gmail2.com,CNTT
521H0453,Pham Hoang Khoc,phamhoangson@gmail3.com,CNTT
521H0454,Pham Hoang Giang,phamhoangson@gmail4.com,CNTT
521H0455,Pham Hoang Hao Ca,phamhoangson@gmail5.com,CNTT
521H0431,Pham Hoang Hao,phamhoangson@gmail1.com,CNTT
521H0432,Pham Hoang Kha,phamhoangson@gmail2.com,CNTT
521H0433,Pham Hoang Khoc,phamhoangson@gmail3.com,CNTT
521H0434,Pham Hoang Giang,phamhoangson@gmail4.com,CNTT
521H0435,Pham Hoang Hao Ca,phamhoangson@gmail5.com,CNTT